City Id,City,Country,Date,Lat,Lng,Max Temp,Humidity,Cloudiness,Wind Speed
0,Busselton,AU,2020-11-27 16:55:17,-33.65,115.33,46.99,94,0,9.17
1,Sao Domingos,BR,2020-11-27 16:55:17,-13.4,-46.32,83.62,50,86,7.7
2,Ushuaia,AR,2020-11-27 16:55:17,-54.8,-68.3,50.0,31,75,12.75
3,Kuminskiy,RU,2020-11-27 16:55:17,58.67,66.57,9.81,95,98,4.54
4,Sinnamary,GF,2020-11-27 16:55:17,5.38,-52.95,85.46,64,2,11.21
5,Souillac,MU,2020-11-27 16:55:17,-20.52,57.52,75.2,78,75,11.41
6,Conceicao Da Barra,BR,2020-11-27 16:54:14,-18.59,-39.73,80.69,65,100,7.05
7,Mocuba,MZ,2020-11-27 16:55:18,-16.84,36.99,81.79,63,34,8.9
8,Qeshm,IR,2020-11-27 16:55:18,26.96,56.27,73.4,60,40,4.7
9,Beisfjord,NO,2020-11-27 16:55:18,68.38,17.6,37.4,93,75,13.87
10,Eyl,SO,2020-11-27 16:55:18,7.98,49.82,77.5,71,0,18.41
11,Hennebont,FR,2020-11-27 16:55:18,47.81,-3.27,53.01,93,100,6.93
12,Seredeyskiy,RU,2020-11-27 16:55:18,54.05,35.23,33.76,98,100,8.95
13,Coquimbo,CL,2020-11-27 16:53:11,-29.95,-71.34,62.6,72,40,12.75
14,Saint George,US,2020-11-27 16:55:18,37.1,-113.58,42.01,40,1,6.93
15,Kapustin Yar,RU,2020-11-27 16:55:19,48.58,45.74,31.86,93,98,9.19
16,Tenenkou,ML,2020-11-27 16:55:19,14.46,-4.92,88.32,12,26,2.44
17,Halifax,CA,2020-11-27 16:51:46,44.65,-63.57,57.99,100,90,5.82
18,Cape Town,ZA,2020-11-27 16:53:36,-33.93,18.42,77.0,38,0,17.22
19,Praia Da Vitoria,PT,2020-11-27 16:55:19,38.73,-27.07,62.6,72,20,27.0
20,Oneonta,US,2020-11-27 16:55:13,42.45,-75.06,46.0,85,98,1.01
21,Georgetown,MY,2020-11-27 16:55:19,5.41,100.34,78.8,94,20,3.87
22,Skagen,DK,2020-11-27 16:55:19,57.72,10.58,39.99,90,23,5.01
23,Port Alfred,ZA,2020-11-27 16:55:20,-33.59,26.89,63.86,72,76,22.93
24,Bredasdorp,ZA,2020-11-27 16:55:20,-34.53,20.04,66.2,63,96,23.04
25,East London,ZA,2020-11-27 16:55:20,-33.02,27.91,64.4,68,20,12.75
26,Longyearbyen,SJ,2020-11-27 16:55:20,78.22,15.64,30.2,92,90,20.8
27,Namibe,AO,2020-11-27 16:55:20,-15.2,12.15,73.49,74,49,11.03
28,Pangody,RU,2020-11-27 16:55:20,65.85,74.49,4.08,93,99,8.59
29,Bengkulu,ID,2020-11-27 16:55:20,-3.8,102.27,75.69,86,99,4.81
30,Mar Del Plata,AR,2020-11-27 16:52:32,-38.0,-57.56,77.0,31,0,16.11
31,Muros,ES,2020-11-27 16:55:20,42.78,-9.06,57.2,71,20,1.12
32,Teguise,ES,2020-11-27 16:55:20,29.06,-13.56,68.0,72,20,16.11
33,Jamestown,US,2020-11-27 16:52:38,42.1,-79.24,46.0,81,90,8.05
34,Chingirlau,KZ,2020-11-27 16:55:21,51.09,54.08,14.45,97,91,2.39
35,Kot Addu,PK,2020-11-27 16:51:38,30.47,70.97,59.0,72,1,3.02
36,Galle,LK,2020-11-27 16:55:21,6.04,80.22,77.99,85,52,4.54
37,Ariquemes,BR,2020-11-27 16:55:21,-9.91,-63.04,90.16,55,100,3.53
38,Bronnoysund,NO,2020-11-27 16:55:21,65.46,12.2,42.8,81,75,16.11
39,Nanortalik,GL,2020-11-27 16:55:21,60.14,-45.24,27.64,92,97,5.93
40,Marsh Harbour,BS,2020-11-27 16:50:54,26.54,-77.06,76.8,65,16,11.41
41,Uray,RU,2020-11-27 16:55:10,60.12,64.78,10.96,95,88,4.68
42,Ponta Do Sol,PT,2020-11-27 16:55:22,32.67,-17.1,66.2,68,40,11.41
43,Bambous Virieux,MU,2020-11-27 16:55:22,-20.34,57.76,75.99,78,75,11.41
44,Bagotville,AU,2020-11-27 16:55:22,-28.98,153.42,60.8,93,0,5.19
45,Ampanihy,MG,2020-11-27 16:55:22,-24.7,44.75,73.33,84,7,9.93
46,Tabou,CI,2020-11-27 16:53:20,4.42,-7.35,80.62,79,66,8.63
47,Nioro,GM,2020-11-27 16:55:22,13.35,-15.75,94.8,10,5,5.75
48,Dikson,RU,2020-11-27 16:55:22,73.51,80.55,18.28,97,100,24.09
49,Presidencia Roque Saenz Pena,AR,2020-11-27 16:55:22,-26.79,-60.44,89.01,54,69,1.99
50,Marienburg,PL,2020-11-27 16:55:23,54.04,19.03,41.0,100,89,8.46
51,Port Elizabeth,ZA,2020-11-27 16:55:23,-33.92,25.57,64.0,69,39,7.0
52,Arraial Do Cabo,BR,2020-11-27 16:55:23,-22.97,-42.03,84.2,69,0,16.11
53,Colares,PT,2020-11-27 16:55:23,38.8,-9.45,60.01,72,40,11.41
54,Marawi,PH,2020-11-27 16:55:23,8.0,124.29,75.99,94,59,5.99
55,Harper,LR,2020-11-27 16:55:23,4.38,-7.72,80.62,80,71,8.23
56,Saint-Philippe,RE,2020-11-27 16:55:23,-21.36,55.77,77.0,73,0,6.93
57,Vestmanna,FO,2020-11-27 16:55:23,62.16,-7.17,42.8,81,68,16.11
58,Tasiilaq,GL,2020-11-27 16:55:24,65.61,-37.64,15.8,61,20,31.09
59,Sesheke,ZM,2020-11-27 16:55:24,-17.48,24.3,87.8,45,65,3.36
60,Diego De Almagro,CL,2020-11-27 16:54:29,-26.37,-70.05,83.44,17,0,11.92
61,Finnsnes,NO,2020-11-27 16:55:24,69.23,17.98,37.4,86,75,16.11
62,Torbay,CA,2020-11-27 16:55:24,47.67,-52.73,53.01,93,90,19.46
63,Sayyan,YE,2020-11-27 16:55:24,15.17,44.32,59.16,54,92,12.37
64,Mubi,NG,2020-11-27 16:55:25,10.27,13.26,80.15,24,0,6.08
65,Santiago,CL,2020-11-27 16:55:25,-33.46,-70.65,86.0,26,0,9.17
66,Salalah,OM,2020-11-27 16:55:25,17.02,54.09,80.6,65,75,5.82
67,Katakwi,UG,2020-11-27 16:55:25,1.89,33.97,75.45,66,90,3.0
68,Taltal,CL,2020-11-27 16:55:25,-25.4,-70.48,67.12,59,5,5.44
69,Hithadhoo,MV,2020-11-27 16:55:25,-0.6,73.08,81.88,75,96,12.33
70,Rosario Oeste,BR,2020-11-27 16:55:25,-14.84,-56.43,97.16,32,2,7.94
71,Balad,IQ,2020-11-27 16:55:25,34.02,44.15,63.37,48,100,6.2
72,Axim,GH,2020-11-27 16:55:26,4.87,-2.24,80.82,79,57,10.27
73,Terrace Bay,CA,2020-11-27 16:55:26,48.78,-87.1,35.6,74,90,5.82
74,Wagar,SD,2020-11-27 16:55:26,16.15,36.2,82.78,23,0,11.07
75,Salinopolis,BR,2020-11-27 16:55:26,-0.61,-47.36,83.35,76,76,9.51
76,Upernavik,GL,2020-11-27 16:55:26,72.79,-56.15,1.31,90,0,6.76
77,Umba,RU,2020-11-27 16:55:26,66.69,34.34,30.56,97,100,4.5
78,Chagoda,RU,2020-11-27 16:55:26,59.16,35.33,35.46,95,100,8.21
79,Quatre Cocos,MU,2020-11-27 16:55:26,-20.21,57.76,75.99,78,75,11.41
80,Lyuban,BY,2020-11-27 16:55:26,52.8,28.0,37.49,82,100,10.2
81,Bachaquero,VE,2020-11-27 16:55:27,9.97,-71.15,84.02,69,100,5.23
82,Figeac,FR,2020-11-27 16:55:27,44.75,1.92,55.99,76,90,9.17
83,Graaff-Reinet,ZA,2020-11-27 16:55:27,-32.25,24.53,73.99,42,0,8.99
84,Luderitz,NA,2020-11-27 16:53:19,-26.65,15.16,68.0,68,0,27.51
85,Lagoa,PT,2020-11-27 16:55:27,39.05,-27.98,59.45,69,96,26.75
86,Rio Gallegos,AR,2020-11-27 16:55:27,-51.62,-69.22,57.2,15,20,47.2
87,Usinsk,RU,2020-11-27 16:55:27,65.99,57.53,10.74,96,51,5.95
88,Matara,LK,2020-11-27 16:52:08,5.95,80.54,76.55,87,66,5.86
89,Lebu,CL,2020-11-27 16:55:27,-37.62,-73.65,59.52,64,27,8.81
90,Iracoubo,GF,2020-11-27 16:55:28,5.48,-53.2,84.13,69,1,11.81
91,Bara,NG,2020-11-27 16:55:28,10.37,10.73,83.8,24,3,6.13
92,Leshukonskoye,RU,2020-11-27 16:55:28,64.9,45.76,17.29,96,1,6.04
93,Altamira,BR,2020-11-27 16:55:21,-3.2,-52.21,82.4,74,75,4.7
94,Goundam,ML,2020-11-27 16:55:28,16.41,-3.67,85.77,13,8,4.85
95,Eydhafushi,MV,2020-11-27 16:55:28,5.1,73.07,83.48,66,65,8.01
96,Aleksandrov Gay,RU,2020-11-27 16:55:28,50.15,48.57,30.99,99,100,11.5
97,Sao Joao Da Barra,BR,2020-11-27 16:55:28,-21.64,-41.05,84.2,58,0,16.11
98,Vangaindrano,MG,2020-11-27 16:55:28,-23.35,47.6,75.49,88,7,7.2
99,Chapais,CA,2020-11-27 16:55:28,49.78,-74.85,33.8,86,90,6.93
100,Kitgum,UG,2020-11-27 16:55:29,3.28,32.89,74.62,70,78,2.13
101,Jorochito,BO,2020-11-27 16:55:29,-18.05,-63.43,78.8,100,90,4.36
102,Mehamn,NO,2020-11-27 16:55:29,71.04,27.85,39.2,64,0,21.92
103,Gravdal,NO,2020-11-27 16:55:29,68.12,13.5,41.0,67,40,5.82
104,Sistranda,NO,2020-11-27 16:55:29,63.73,8.83,37.4,62,40,14.99
105,Ribeira Grande,PT,2020-11-27 16:55:29,38.52,-28.7,62.6,72,40,11.41
106,Vila Velha,BR,2020-11-27 16:55:29,-20.33,-40.29,82.4,69,20,13.87
107,Ouallam,NE,2020-11-27 16:55:29,14.32,2.09,87.53,20,19,2.17
108,Kanniyakumari,IN,2020-11-27 16:55:29,8.08,77.57,80.71,78,23,7.7
109,Constitucion,CL,2020-11-27 16:55:29,-35.33,-72.42,65.93,48,0,16.17
110,Goderich,CA,2020-11-27 16:55:30,43.75,-81.72,42.8,81,100,9.17
111,Urucara,BR,2020-11-27 16:55:30,-2.54,-57.76,93.74,44,84,5.59
112,Hermanus,ZA,2020-11-27 16:55:30,-34.42,19.23,66.99,66,100,10.0
113,Westport,US,2020-11-27 16:55:30,41.14,-73.36,61.0,63,20,3.36
114,Eskilstuna,SE,2020-11-27 16:55:06,59.37,16.51,34.0,92,0,4.7
115,Youghal,IE,2020-11-27 16:55:30,51.95,-7.85,44.01,81,75,6.93
116,Thaba Nchu,ZA,2020-11-27 16:55:30,-29.21,26.84,84.2,13,0,5.82
117,Kavaratti,IN,2020-11-27 16:55:30,10.57,72.64,81.97,78,0,11.88
118,Minab,IR,2020-11-27 16:55:30,27.15,57.08,69.8,60,40,4.7
119,Brufut,GM,2020-11-27 16:55:30,13.38,-16.75,91.4,33,0,8.05
120,Puerto Baquerizo Moreno,EC,2020-11-27 16:55:31,-0.9,-89.6,77.0,78,20,16.11
121,Walvis Bay,NA,2020-11-27 16:55:31,-22.96,14.51,62.6,72,0,16.11
122,Chuy,UY,2020-11-27 16:55:31,-33.7,-53.46,74.64,52,0,11.9
123,Vestmannaeyjar,IS,2020-11-27 16:55:31,63.44,-20.27,35.6,80,40,21.92
124,Mogadishu,SO,2020-11-27 16:50:42,2.04,45.34,81.48,79,64,16.35
125,Vyborg,RU,2020-11-27 16:55:31,60.71,28.75,33.8,86,90,12.75
126,Sandy Bay,AU,2020-11-27 16:55:31,-42.91,147.35,57.2,67,40,4.7
127,Piacabucu,BR,2020-11-27 16:55:31,-10.41,-36.43,83.1,62,62,11.95
128,Rio Grande,BR,2020-11-27 16:51:04,-32.03,-52.1,78.8,61,90,16.11
129,Gobabis,NA,2020-11-27 16:55:31,-22.45,18.97,95.0,17,89,9.17
130,Nidzica,PL,2020-11-27 16:55:32,53.36,20.43,37.4,93,40,5.82
131,Irbil,IQ,2020-11-27 16:55:32,36.19,44.01,57.2,47,40,17.22
132,Qaanaaq,GL,2020-11-27 16:55:32,77.48,-69.36,-3.26,87,100,4.36
133,Sioux Lookout,CA,2020-11-27 16:55:32,50.1,-91.92,23.0,73,75,14.99
134,Maracacume,BR,2020-11-27 16:55:32,-2.04,-45.96,85.06,71,74,4.5
135,Riyadh,SA,2020-11-27 16:50:39,24.69,46.72,71.6,43,75,4.7
136,Ilabaya,PE,2020-11-27 16:55:32,-17.42,-70.51,77.67,26,51,11.86
137,Arima,TT,2020-11-27 16:54:34,10.63,-61.28,88.0,66,40,5.82
138,Hvide Sande,DK,2020-11-27 16:55:32,56.0,8.13,39.0,83,0,6.51
139,Carahue,CL,2020-11-27 16:55:32,-38.7,-73.17,60.8,67,75,8.05
140,Tessalit,ML,2020-11-27 16:55:33,20.2,1.01,77.54,17,41,7.16
141,Belyy Yar,RU,2020-11-27 16:55:33,53.6,91.39,17.6,85,90,2.24
142,Kalmunai,LK,2020-11-27 16:55:33,7.42,81.82,79.45,83,71,3.13
143,Sao Filipe,CV,2020-11-27 16:55:33,14.9,-24.5,76.48,71,43,15.17
144,Shar,KZ,2020-11-27 16:55:33,49.59,81.05,14.58,88,24,8.41
145,Caravelas,BR,2020-11-27 16:55:33,-17.71,-39.25,80.92,65,100,7.45
146,La Baule-Escoublac,FR,2020-11-27 16:55:33,47.29,-2.36,50.0,93,84,6.93
147,Kandi,BJ,2020-11-27 16:55:33,11.13,2.94,90.61,25,27,0.18
148,Kresttsy,RU,2020-11-27 16:55:34,58.25,32.52,38.57,89,100,7.78
149,Punta Arenas,CL,2020-11-27 16:55:34,-53.15,-70.92,46.4,60,75,32.21
150,Barentin,FR,2020-11-27 16:55:34,49.55,0.96,50.0,87,96,1.01
151,Takoradi,GH,2020-11-27 16:55:34,4.88,-1.76,80.89,79,56,11.54
152,Ilhabela,BR,2020-11-27 16:55:34,-23.78,-45.36,81.1,74,6,0.74
153,Taoudenni,ML,2020-11-27 16:55:34,22.68,-3.98,75.49,28,19,11.74
154,Ushtobe,KZ,2020-11-27 16:55:34,45.25,77.98,31.95,86,100,5.95
155,Ajdabiya,LY,2020-11-27 16:55:34,30.76,20.23,64.09,59,1,8.32
156,Valparaiso,CL,2020-11-27 16:53:08,-33.04,-71.63,62.01,72,20,8.05
157,Khash,IR,2020-11-27 16:55:35,28.22,61.22,49.8,41,95,2.06
158,Praia,CV,2020-11-27 16:55:35,14.92,-23.51,82.4,51,40,23.04
159,Mallapuram,IN,2020-11-27 16:55:35,11.97,78.25,68.02,86,27,2.06
160,Manacor,ES,2020-11-27 16:52:07,39.57,3.21,64.4,72,75,8.05
161,Gurlan,UZ,2020-11-27 16:55:35,41.84,60.39,37.4,86,90,9.17
162,Lokoja,NG,2020-11-27 16:55:35,7.8,6.74,89.4,42,51,2.98
163,Iqaluit,CA,2020-11-27 16:53:21,63.75,-68.51,21.2,85,90,17.22
164,Dudinka,RU,2020-11-27 16:55:35,69.41,86.18,12.2,92,40,22.37
165,Clyde River,CA,2020-11-27 16:55:36,70.47,-68.59,-14.8,75,20,5.82
166,Virginia Beach,US,2020-11-27 16:52:44,36.85,-75.98,60.8,87,90,3.36
167,Maragogi,BR,2020-11-27 16:55:36,-9.01,-35.22,81.57,67,59,13.06
168,Bajah,YE,2020-11-27 16:55:36,13.81,44.63,68.72,70,88,3.74
169,Saldanha,ZA,2020-11-27 16:55:36,-33.01,17.94,80.6,24,93,16.11
170,Calvinia,ZA,2020-11-27 16:55:36,-31.47,19.78,80.73,16,0,14.41
171,San Vicente,AR,2020-11-27 16:55:36,-26.62,-54.13,90.7,35,58,4.34
172,Les Cayes,HT,2020-11-27 16:55:36,18.2,-73.75,83.71,56,0,3.0
173,Buraydah,SA,2020-11-27 16:54:37,26.33,43.98,64.4,88,75,5.82
174,Marrakesh,MA,2020-11-27 16:55:36,31.63,-8.01,59.0,54,40,5.82
175,Coihaique,CL,2020-11-27 16:55:36,-45.58,-72.07,53.6,81,90,5.82
176,Bukama,CD,2020-11-27 16:55:36,-9.2,25.85,77.61,72,84,2.89
177,Ferme-Neuve,CA,2020-11-27 16:55:37,46.7,-75.45,37.4,93,100,3.36
178,Cidreira,BR,2020-11-27 16:55:37,-30.18,-50.21,71.62,85,87,11.81
179,Bonavista,CA,2020-11-27 16:55:37,48.65,-53.11,51.01,100,100,8.05
180,Jamame,SO,2020-11-27 16:55:37,0.07,42.75,80.19,81,98,9.35
181,Bereda,ES,2020-11-27 16:55:37,43.27,-7.54,51.01,90,0,1.99
182,Buritizeiro,BR,2020-11-27 16:55:37,-17.35,-44.96,84.67,50,24,5.1
183,Jacareacanga,BR,2020-11-27 16:55:37,-6.22,-57.75,80.1,71,99,2.62
184,Viedma,AR,2020-11-27 16:55:37,-40.81,-63.0,91.0,17,0,8.99
185,Rorvik,NO,2020-11-27 16:55:37,64.86,11.24,41.0,86,75,6.93
186,Oparino,RU,2020-11-27 16:55:37,59.85,48.28,12.56,96,77,6.29
187,Paamiut,GL,2020-11-27 16:55:37,61.99,-49.67,28.98,95,100,17.22
188,Barberton,ZA,2020-11-27 16:55:38,-25.79,31.05,64.4,93,92,6.93
189,Rocha,UY,2020-11-27 16:55:38,-34.48,-54.33,79.66,37,0,9.4
190,Saint-Francois,FR,2020-11-27 16:55:38,46.42,3.91,51.8,76,0,6.93
191,Sorland,NO,2020-11-27 16:55:38,67.67,12.69,41.0,68,40,5.82
192,Ciudad Bolivar,VE,2020-11-27 16:55:38,8.12,-63.55,88.84,53,53,5.97
193,Nicoya,CR,2020-11-27 16:55:38,10.15,-85.45,87.8,62,0,16.11
194,Zdvinsk,RU,2020-11-27 16:55:38,54.7,78.66,3.85,94,0,6.82
195,Touros,BR,2020-11-27 16:55:38,-5.2,-35.46,86.0,62,75,17.22
196,Sur,OM,2020-11-27 16:53:25,22.57,59.53,73.22,65,15,11.52
197,Sept-Iles,CA,2020-11-27 16:55:39,50.2,-66.38,34.0,95,100,6.93
198,Estelle,US,2020-11-27 16:55:39,29.85,-90.11,77.0,94,90,5.82
199,Vardo,NO,2020-11-27 16:55:39,70.37,31.11,30.2,80,0,44.96
200,Kontagora,NG,2020-11-27 16:55:39,10.4,5.47,87.44,29,0,2.71
201,Maniitsoq,GL,2020-11-27 16:55:39,65.42,-52.9,24.71,92,100,10.11
202,Buchanan,LR,2020-11-27 16:55:39,5.88,-10.05,86.0,74,20,9.17
203,Antalaha,MG,2020-11-27 16:55:39,-14.9,50.28,75.87,88,20,6.35
204,Atbasar,KZ,2020-11-27 16:55:39,51.8,68.33,16.11,97,95,5.86
205,Naryan-Mar,RU,2020-11-27 16:55:39,67.67,53.09,12.34,96,4,8.99
206,Tammisaari,FI,2020-11-27 16:55:39,59.97,23.43,34.0,90,20,12.88
207,Ilulissat,GL,2020-11-27 16:55:40,69.22,-51.1,17.6,48,75,10.29
208,Ostrovnoy,RU,2020-11-27 16:55:40,68.05,39.51,25.93,94,70,15.19
209,Bud,US,2020-11-27 16:55:40,39.45,-86.18,48.99,74,47,5.97
210,Codrington,AU,2020-11-27 16:55:40,-38.27,141.97,55.36,93,100,4.85
211,Saint Anthony,US,2020-11-27 16:55:40,45.02,-93.22,32.0,63,1,11.41
212,Wukari,NG,2020-11-27 16:55:40,7.85,9.78,86.07,26,41,2.21
213,Kochevo,RU,2020-11-27 16:55:40,59.6,54.31,11.16,97,68,3.96
214,Krasnoselkup,RU,2020-11-27 16:55:40,65.7,82.47,3.51,94,100,8.32
215,Mahebourg,MU,2020-11-27 16:55:41,-20.41,57.7,75.2,78,75,11.41
216,Talas,TR,2020-11-27 16:55:41,38.69,35.55,30.2,63,0,1.45
217,Hudiksvall,SE,2020-11-27 16:55:41,61.73,17.1,30.0,98,11,3.24
218,Verkhnetulomskiy,RU,2020-11-27 16:55:41,68.61,31.8,28.4,92,75,2.24
219,Barranca,PE,2020-11-27 16:55:41,-10.75,-77.77,70.11,64,41,8.93
220,Vallecillo,HN,2020-11-27 16:55:41,14.52,-87.4,75.2,78,75,18.34
221,Puerto El Triunfo,SV,2020-11-27 16:55:41,13.28,-88.55,86.0,74,20,3.27
222,Gat,IL,2020-11-27 16:55:41,31.61,34.76,63.0,100,3,1.01
223,Faya,SA,2020-11-27 16:55:41,18.39,42.45,62.6,72,0,3.36
224,Sayat,TM,2020-11-27 16:55:42,38.78,63.88,48.2,42,75,16.11
225,Milagres,BR,2020-11-27 16:55:42,-7.31,-38.95,91.4,38,75,6.93
226,Sarrebourg,FR,2020-11-27 16:55:42,48.73,7.05,43.0,93,90,6.93
227,Tombouctou,ML,2020-11-27 16:55:42,20.0,-3.0,78.96,16,4,7.45
228,Pangnirtung,CA,2020-11-27 16:55:42,66.15,-65.71,10.9,77,100,6.62
229,Sinop,TR,2020-11-27 16:52:01,41.77,34.87,55.4,71,0,18.34
230,Pocone,BR,2020-11-27 16:55:42,-16.26,-56.62,98.82,27,34,6.49
231,Sambava,MG,2020-11-27 16:55:42,-14.27,50.17,76.82,86,2,6.26
232,Shiraz,IR,2020-11-27 16:55:42,29.6,52.54,57.2,58,75,4.7
233,Pitimbu,BR,2020-11-27 16:55:43,-7.47,-34.81,89.6,55,75,17.22
234,Khorixas,NA,2020-11-27 16:55:43,-20.37,14.97,78.64,28,85,19.48
235,Piracaia,BR,2020-11-27 16:55:43,-23.05,-46.36,87.8,42,40,3.36
236,Raudeberg,NO,2020-11-27 16:55:43,61.99,5.14,42.01,87,98,14.47
237,Bandar-E Lengeh,IR,2020-11-27 16:53:03,26.56,54.88,75.2,64,40,4.7
238,Umm Lajj,SA,2020-11-27 16:55:43,25.02,37.27,74.64,52,0,9.4
239,Huarmey,PE,2020-11-27 16:55:43,-10.07,-78.15,70.57,64,55,8.7
240,Berwick,US,2020-11-27 16:55:43,41.05,-76.23,53.01,66,59,3.22
241,Meulaboh,ID,2020-11-27 16:55:44,4.14,96.13,76.5,85,98,4.34
242,Roald,NO,2020-11-27 16:55:44,62.58,6.13,41.0,65,0,11.41
243,Castro,BR,2020-11-27 16:55:44,-24.79,-50.01,76.01,71,89,4.38
244,Pimenteiras,BR,2020-11-27 16:55:44,-6.25,-41.42,91.6,40,100,5.26
245,Kruisfontein,ZA,2020-11-27 16:55:44,-34.0,24.73,64.0,69,73,7.0
246,Energeticheskiy,KZ,2020-11-27 16:51:24,43.43,77.02,32.0,87,75,4.47
247,Frunze,UA,2020-11-27 16:55:44,48.67,38.75,37.85,86,99,10.56
248,Orebro,SE,2020-11-27 16:55:44,59.27,15.21,36.0,92,1,4.7
249,Sinjar,IQ,2020-11-27 16:55:45,36.32,41.88,53.92,68,31,10.94
250,Pipar,IN,2020-11-27 16:55:45,26.39,73.54,61.48,35,0,8.81
251,Lake City,US,2020-11-27 16:55:45,30.19,-82.64,75.99,94,90,3.36
252,Aksarka,RU,2020-11-27 16:55:45,66.56,67.8,2.79,94,57,8.97
253,Lewisporte,CA,2020-11-27 16:55:45,49.25,-55.05,51.8,93,75,14.99
254,Necochea,AR,2020-11-27 16:55:45,-38.55,-58.74,89.01,33,0,18.9
255,Boende,CD,2020-11-27 16:55:45,-0.22,20.87,74.07,91,71,4.92
256,Cayenne,GF,2020-11-27 16:53:41,4.93,-52.33,77.0,83,29,10.29
257,Turkistan,KZ,2020-11-27 16:55:45,43.0,68.0,43.83,57,100,8.68
258,Morondava,MG,2020-11-27 16:55:45,-20.28,44.28,80.67,70,2,14.97
259,Tazovskiy,RU,2020-11-27 16:55:45,67.47,78.7,8.17,95,100,8.79
260,Bayburt,TR,2020-11-27 16:54:31,40.26,40.23,26.8,82,0,2.42
261,Santa Marta,CO,2020-11-27 16:52:11,11.24,-74.2,89.01,71,34,10.63
262,Opuwo,NA,2020-11-27 16:55:46,-18.06,13.84,85.5,26,92,7.54
263,Hamilton,US,2020-11-27 16:55:46,39.18,-84.53,53.01,62,90,4.7
264,Los Llanos De Aridane,ES,2020-11-27 16:55:46,28.66,-17.92,71.6,46,20,8.05
265,Padang,ID,2020-11-27 16:54:18,-0.95,100.35,77.65,77,99,3.76
266,Qaqortoq,GL,2020-11-27 16:55:46,60.72,-46.03,17.6,52,75,8.05
267,Allapalli,IN,2020-11-27 16:55:46,19.42,80.07,64.33,76,92,3.11
268,Bonga,ET,2020-11-27 16:55:46,7.28,36.23,61.7,88,67,0.69
269,Beyneu,KZ,2020-11-27 16:55:46,45.32,55.2,32.04,94,89,5.79
270,Shache,CN,2020-11-27 16:55:47,38.42,77.24,21.11,90,23,4.38
271,Narsaq,GL,2020-11-27 16:55:47,60.92,-46.05,17.6,52,75,8.05
272,Sotouboua,TG,2020-11-27 16:55:47,8.57,0.98,87.04,48,95,5.48
273,Mayumba,GA,2020-11-27 16:55:47,-3.43,10.66,77.43,85,68,9.82
274,San Jacinto,US,2020-11-27 16:52:51,33.78,-116.96,53.01,25,0,4.0
275,Bonanza,NI,2020-11-27 16:55:47,14.03,-84.59,82.49,65,42,5.12
276,Atar,MR,2020-11-27 16:55:47,20.52,-13.05,76.06,28,100,10.87
277,Nansio,TZ,2020-11-27 16:55:47,-2.13,33.05,76.06,75,21,12.5
278,Neuquen,AR,2020-11-27 16:55:48,-38.95,-68.06,82.4,23,0,6.93
279,Victoria,HK,2020-11-27 16:55:24,22.29,114.16,69.01,74,3,1.01
280,San Carlos De Bariloche,AR,2020-11-27 16:52:33,-41.15,-71.31,59.0,38,40,27.51
281,Kem,RU,2020-11-27 16:54:51,64.96,34.58,28.45,96,95,6.15
282,Skala Fourkas,GR,2020-11-27 16:55:48,40.0,23.38,52.0,43,0,6.93
283,Botwood,CA,2020-11-27 16:55:48,49.15,-55.35,50.0,89,94,1.99
284,Trincomalee,LK,2020-11-27 16:55:48,8.57,81.23,80.82,79,92,5.88
285,Muisne,EC,2020-11-27 16:55:48,0.6,-80.03,82.4,74,20,8.05
286,Barao De Melgaco,BR,2020-11-27 16:55:48,-16.19,-55.97,93.2,38,75,8.05
287,Napanee,CA,2020-11-27 16:55:49,44.25,-76.95,46.4,87,90,4.7
288,Carauari,BR,2020-11-27 16:55:49,-4.88,-66.9,93.54,44,80,3.6
289,Havoysund,NO,2020-11-27 16:55:49,71.0,24.66,42.8,74,75,21.92
290,Thompson,CA,2020-11-27 16:55:49,55.74,-97.86,10.4,85,90,5.82
291,Shuya,RU,2020-11-27 16:55:49,56.85,41.39,31.87,99,100,9.28
292,Jawhar,SO,2020-11-27 16:55:49,2.78,45.5,78.13,82,14,11.79
293,Uyemskiy,RU,2020-11-27 16:55:49,64.47,40.85,21.2,92,20,6.71
294,Talnakh,RU,2020-11-27 16:55:49,69.49,88.4,12.2,92,40,22.37
295,Syracuse,IT,2020-11-27 16:54:54,37.09,15.28,62.6,77,20,6.93
296,Grindavik,IS,2020-11-27 16:55:49,63.84,-22.43,35.6,69,75,38.03
297,Inhambane,MZ,2020-11-27 16:51:32,-23.86,35.38,78.8,88,40,6.93
298,Campina Verde,BR,2020-11-27 16:55:50,-19.54,-49.49,92.73,27,20,6.58
299,Ragonvalia,CO,2020-11-27 16:55:50,7.58,-72.48,80.6,88,40,11.41
300,Maiduguri,NG,2020-11-27 16:55:50,11.85,13.16,80.22,19,4,11.56
301,Andrelandia,BR,2020-11-27 16:55:50,-21.74,-44.31,82.62,40,0,4.85
302,Amarkantak,IN,2020-11-27 16:55:50,22.67,81.75,54.1,100,82,4.25
303,Najran,SA,2020-11-27 16:55:50,17.49,44.13,73.4,28,40,6.93
304,Nizwa,OM,2020-11-27 16:55:50,22.93,57.53,62.62,64,0,2.8
305,Puerto Madryn,AR,2020-11-27 16:53:00,-42.77,-65.04,77.97,24,45,4.32
306,Iquique,CL,2020-11-27 16:55:51,-20.22,-70.14,71.6,53,0,12.75
307,Forestville,US,2020-11-27 16:55:51,38.85,-76.88,60.8,58,90,5.82
308,Tonekabon,IR,2020-11-27 16:55:51,36.82,50.87,48.2,100,75,2.24
309,Ituporanga,BR,2020-11-27 16:55:51,-27.41,-49.6,75.0,94,96,8.99
310,Nouadhibou,MR,2020-11-27 16:55:51,20.93,-17.03,71.6,64,20,16.11
311,Lipari,IT,2020-11-27 16:55:51,38.47,14.95,61.0,64,44,7.0
312,Talcahuano,CL,2020-11-27 16:55:51,-36.72,-73.12,64.4,55,0,14.99
313,Verkhnyaya Toyma,RU,2020-11-27 16:55:51,62.23,45.0,17.67,95,87,8.05
314,Batsfjord,NO,2020-11-27 16:55:52,70.63,29.72,26.6,79,75,32.21
315,Druzhba,UA,2020-11-27 16:55:52,52.04,33.95,35.51,95,100,9.91
316,Antsohihy,MG,2020-11-27 16:55:52,-14.88,47.99,83.19,70,29,5.75
317,Pozo Colorado,PY,2020-11-27 16:55:52,-23.49,-58.8,94.51,44,42,5.19
318,Fier,AL,2020-11-27 16:55:52,40.72,19.56,53.46,57,0,1.43
319,Jatibonico,CU,2020-11-27 16:55:53,21.94,-79.17,80.51,70,0,9.42
320,Hofn,IS,2020-11-27 16:55:53,64.25,-15.21,37.4,86,75,12.75
321,Bathsheba,BB,2020-11-27 16:55:53,13.22,-59.52,84.2,79,75,13.87
322,Bandarbeyla,SO,2020-11-27 16:55:53,9.49,50.81,76.33,75,0,15.52
323,Hargeysa,SO,2020-11-27 16:55:53,9.56,44.06,67.57,87,63,10.47
324,Torzhok,RU,2020-11-27 16:55:53,57.04,34.96,33.91,98,100,2.13
325,Bonthe,SL,2020-11-27 16:55:53,7.53,-12.51,81.64,76,74,7.83
326,Pisco,PE,2020-11-27 16:54:22,-13.7,-76.22,71.01,77,0,11.41
327,Belmonte,BR,2020-11-27 16:55:53,-15.86,-38.88,86.0,58,75,8.05
328,Cascais,PT,2020-11-27 16:55:53,38.7,-9.42,60.01,72,20,13.87
329,Tytuvenai,LT,2020-11-27 16:55:54,55.6,23.2,32.0,86,75,10.29
330,Winsum,NL,2020-11-27 16:55:55,53.33,6.52,46.99,95,87,9.53
331,Vila Franca Do Campo,PT,2020-11-27 16:55:55,37.72,-25.43,64.4,77,40,16.11
332,Carbonia,IT,2020-11-27 16:55:55,39.17,8.52,64.4,82,75,14.99
333,Korla,CN,2020-11-27 16:55:55,41.76,86.15,22.64,85,20,2.73
334,Diapaga,BF,2020-11-27 16:55:55,12.07,1.79,92.26,20,27,3.31
335,Fethiye,TR,2020-11-27 16:52:37,36.62,29.12,51.8,71,75,4.7
336,Troitsko-Pechorsk,RU,2020-11-27 16:55:55,62.71,56.2,11.16,96,32,2.53
337,Tonj,SS,2020-11-27 16:55:55,7.27,28.68,84.97,26,0,2.98
338,Mrakovo,RU,2020-11-27 16:55:56,52.72,56.62,15.15,95,24,1.23
339,Chilca,PE,2020-11-27 16:55:56,-12.52,-76.74,71.6,68,40,5.82
340,Carutapera,BR,2020-11-27 16:55:01,-1.2,-46.02,81.9,83,76,7.87
341,Novoseleznevo,RU,2020-11-27 16:55:56,55.68,69.21,9.48,95,100,6.98
342,Surt,LY,2020-11-27 16:55:56,31.21,16.59,66.42,68,23,11.48
343,San-Pedro,CI,2020-11-27 16:55:57,4.75,-6.64,80.92,78,43,9.15
344,Antofagasta,CL,2020-11-27 16:55:57,-23.65,-70.4,72.0,64,20,12.75
345,Slonim,BY,2020-11-27 16:55:57,53.09,25.32,38.32,88,98,8.55
346,Zaraza,VE,2020-11-27 16:55:57,9.35,-65.32,83.41,77,92,3.91
347,Kapiri Mposhi,ZM,2020-11-27 16:55:57,-13.97,28.68,69.46,84,93,10.2
348,Cap Malheureux,MU,2020-11-27 16:55:57,-19.98,57.61,75.99,73,9,5.01
349,Port Blair,IN,2020-11-27 16:51:10,11.67,92.75,81.41,80,98,10.54
350,Gioia Tauro,IT,2020-11-27 16:55:57,38.42,15.9,62.01,70,40,8.59
351,Salisbury,GB,2020-11-27 16:54:10,51.07,-1.8,42.8,80,90,10.29
352,Lubango,AO,2020-11-27 16:55:57,-14.92,13.49,62.71,89,99,7.34
353,Wabrzezno,PL,2020-11-27 16:53:22,53.28,18.95,45.0,95,94,1.01
354,Thunder Bay,CA,2020-11-27 16:55:58,48.4,-89.32,34.0,85,40,11.41
355,Rimavska Sobota,SK,2020-11-27 16:54:31,48.38,20.02,30.69,96,40,0.27
356,Antigonish,CA,2020-11-27 16:55:58,45.62,-62.0,59.0,92,70,3.0
357,Gomel,BY,2020-11-27 16:55:58,52.43,30.98,37.4,100,90,11.18
358,Mana,GF,2020-11-27 16:55:58,5.66,-53.78,85.51,64,0,9.95
359,Kambove,CD,2020-11-27 16:55:58,-10.88,26.6,67.69,86,37,0.6
360,San Diego De Los Banos,CU,2020-11-27 16:55:58,22.65,-83.37,80.15,58,0,8.84
361,Inta,RU,2020-11-27 16:55:58,66.03,60.17,10.0,94,0,3.6
362,General Pico,AR,2020-11-27 16:55:59,-35.66,-63.76,93.92,17,0,17.38
363,Klaksvik,FO,2020-11-27 16:55:59,62.23,-6.59,42.8,81,73,16.11
364,Baglung,NP,2020-11-27 16:55:59,28.27,83.59,54.91,41,0,5.59
365,Bennington,US,2020-11-27 16:55:59,42.88,-73.2,50.0,70,90,4.7
366,Dakar,SN,2020-11-27 16:54:42,14.69,-17.44,84.2,39,0,17.22
367,Chhabra,IN,2020-11-27 16:52:18,24.67,76.83,61.07,46,38,6.67
368,Sao Mateus,BR,2020-11-27 16:54:33,-18.72,-39.86,81.14,65,100,7.05
369,Kharan,PK,2020-11-27 16:55:59,28.58,65.42,55.31,32,90,1.63
370,San Luis,AR,2020-11-27 16:56:00,-33.3,-66.34,86.02,31,0,17.67
371,Xai-Xai,MZ,2020-11-27 16:56:00,-25.05,33.64,74.93,79,89,15.99
372,Hima,UG,2020-11-27 16:56:00,0.3,30.18,70.59,73,100,2.28
373,Shelburne,CA,2020-11-27 16:56:00,44.08,-80.2,43.0,98,100,8.01
374,Benghazi,LY,2020-11-27 16:56:00,32.12,20.07,64.26,58,13,14.25
375,Aswan,EG,2020-11-27 16:54:10,24.09,32.91,64.81,31,0,7.31
376,Trairi,BR,2020-11-27 16:56:00,-3.28,-39.27,88.03,50,100,18.48
377,Rawson,AR,2020-11-27 16:56:00,-43.3,-65.1,79.09,23,84,16.08
378,Esil,KZ,2020-11-27 16:56:00,51.96,66.4,17.87,97,91,4.52
379,Deer Lake,CA,2020-11-27 16:56:00,49.17,-57.43,42.8,93,75,2.24
380,Skegness,GB,2020-11-27 16:56:01,53.14,0.34,42.01,80,20,3.36
381,Nadym,RU,2020-11-27 16:56:01,65.53,72.52,4.46,93,97,8.66
382,Puri,IN,2020-11-27 16:56:01,19.8,85.85,69.8,77,40,3.36
383,Pedernales,DO,2020-11-27 16:56:01,18.04,-71.74,86.0,79,20,3.36
384,Peniche,PT,2020-11-27 16:56:01,39.36,-9.38,60.01,78,25,5.99
385,Jizan,SA,2020-11-27 16:56:01,17.33,42.67,84.2,74,40,4.7
386,Jalu,LY,2020-11-27 16:56:01,29.03,21.55,60.94,53,2,8.1
387,Maralal,KE,2020-11-27 16:56:01,1.1,36.7,61.75,89,99,6.58
388,Pleshanovo,RU,2020-11-27 16:56:01,52.83,53.48,13.46,97,91,1.07
389,Parakou,BJ,2020-11-27 16:56:02,9.34,2.63,91.08,33,51,4.07
390,Sarapulka,RU,2020-11-27 16:56:02,56.87,61.06,10.4,92,40,4.47
391,Mokrous,RU,2020-11-27 16:56:02,51.23,47.52,30.69,99,100,10.67
392,Ales,FR,2020-11-27 16:56:02,44.13,4.08,55.0,71,0,4.7
393,Tambura,SS,2020-11-27 16:56:02,5.6,27.47,82.15,35,0,2.26
394,Hambantota,LK,2020-11-27 16:56:02,6.12,81.12,77.97,86,29,6.08
395,Saint-Georges,GD,2020-11-27 16:56:02,12.06,-61.75,86.0,74,40,17.22
396,Comodoro Rivadavia,AR,2020-11-27 16:51:20,-45.87,-67.5,73.4,25,40,36.91
397,Santo Antonio Do Ica,BR,2020-11-27 16:56:03,-3.1,-67.94,85.17,65,94,1.41
398,Hualmay,PE,2020-11-27 16:56:03,-11.1,-77.61,71.19,62,50,8.21
399,Port Victoria,KE,2020-11-27 16:56:03,0.09,33.98,74.98,73,49,7.25
400,Kamenka,RU,2020-11-27 16:56:03,51.32,42.77,34.0,92,99,12.95
401,Osorno,CL,2020-11-27 16:56:03,-40.57,-73.15,60.8,72,90,12.75
402,Biltine,TD,2020-11-27 16:56:03,14.53,20.92,79.9,16,35,7.7
403,Havelock,US,2020-11-27 16:54:24,34.88,-76.9,71.01,90,34,5.01
404,Sychevka,RU,2020-11-27 16:56:03,55.83,34.27,31.5,99,100,3.83
405,Hukuntsi,BW,2020-11-27 16:56:03,-24.0,21.75,89.44,27,57,16.75
406,Raga,SS,2020-11-27 16:56:03,8.46,25.68,83.03,23,0,4.68
407,Derzhavinsk,KZ,2020-11-27 16:56:03,51.1,66.32,19.8,98,100,5.39
408,Lafia,NG,2020-11-27 16:54:01,8.48,8.52,87.12,27,58,2.59
409,Pachino,IT,2020-11-27 16:56:04,36.72,15.09,62.01,71,73,9.55
410,Passira,BR,2020-11-27 16:56:04,-8.0,-35.58,87.48,47,100,17.09
411,Nantucket,US,2020-11-27 16:55:48,41.28,-70.1,60.8,72,1,4.7
412,El Alto,PE,2020-11-27 16:56:04,-4.27,-81.21,69.8,77,75,20.8
413,Itarema,BR,2020-11-27 16:56:04,-2.92,-39.92,88.43,52,95,21.0
414,Sterlibashevo,RU,2020-11-27 16:56:04,53.44,55.26,15.15,96,1,1.63
415,Muli,MV,2020-11-27 16:56:04,2.92,73.57,82.83,73,30,7.7
416,Beloha,MG,2020-11-27 16:56:05,-25.17,45.05,72.66,88,15,7.83
417,Tudela,ES,2020-11-27 16:56:05,42.06,-1.6,57.2,71,100,2.24
418,Kabinda,CD,2020-11-27 16:56:05,-6.13,24.48,70.97,93,95,3.6
419,Fern Creek,US,2020-11-27 16:56:05,38.16,-85.59,55.0,58,20,4.09
420,Kisangani,CD,2020-11-27 16:56:05,0.52,25.2,74.32,86,68,1.21
421,Olot,ES,2020-11-27 16:56:05,42.18,2.49,57.0,80,100,4.0
422,Masyaf,SY,2020-11-27 16:56:05,35.07,36.34,59.0,58,20,6.93
423,Banikoara,BJ,2020-11-27 16:56:05,11.3,2.44,90.95,24,19,1.66
424,Oranjemund,NA,2020-11-27 16:56:06,-28.55,16.43,63.61,78,0,10.29
425,Laguna,US,2020-11-27 16:52:49,38.42,-121.42,42.8,80,1,0.58
426,Angren,UZ,2020-11-27 16:56:06,41.02,70.14,42.55,57,100,3.83
427,Turayf,SA,2020-11-27 16:56:06,31.67,38.66,59.0,58,40,7.74
428,Conneaut,US,2020-11-27 16:56:06,41.95,-80.55,46.99,70,90,6.93
429,Naliya,IN,2020-11-27 16:56:06,23.27,68.83,72.25,37,0,10.76
430,Novo Aripuana,BR,2020-11-27 16:56:06,-5.12,-60.38,88.02,55,99,5.64
431,Brownsville,US,2020-11-27 16:56:06,25.9,-97.5,82.4,69,90,17.22
432,Gombe,NG,2020-11-27 16:56:06,10.29,11.17,80.11,26,5,2.33
433,Honiton,GB,2020-11-27 16:56:06,50.8,-3.19,43.0,83,72,1.99
434,Mhango,TZ,2020-11-27 16:56:07,-3.28,32.85,75.16,62,78,4.21
435,Ancud,CL,2020-11-27 16:56:07,-41.87,-73.82,59.0,100,90,17.22
436,Maroantsetra,MG,2020-11-27 16:56:07,-15.43,49.73,76.57,86,27,3.8
437,Mayor Pablo Lagerenza,PY,2020-11-27 16:56:07,-19.93,-60.77,99.81,34,87,4.9
438,San Cristobal,VE,2020-11-27 16:56:07,7.77,-72.22,80.6,88,40,11.41
439,Hauterive,FR,2020-11-27 16:56:07,46.09,3.45,53.6,58,0,5.82
440,Thinadhoo,MV,2020-11-27 16:56:07,0.53,72.93,82.22,75,38,10.98
441,Citrus Park,US,2020-11-27 16:56:07,28.08,-82.57,81.0,65,40,5.82
442,Kudahuvadhoo,MV,2020-11-27 16:56:07,2.67,72.89,82.69,74,25,9.51
443,Kirillov,RU,2020-11-27 16:56:07,59.86,38.38,32.0,97,90,8.95
444,Anzio,IT,2020-11-27 16:56:08,41.49,12.62,59.0,81,97,1.99
445,Ntungamo,UG,2020-11-27 16:56:08,-0.88,29.65,67.57,86,75,2.73
446,Parana,AR,2020-11-27 16:56:08,-31.73,-60.52,91.99,36,0,4.0
447,Alfredo Chaves,BR,2020-11-27 16:56:08,-20.64,-40.75,82.4,69,20,13.87
448,Krasnoarmeysk,RU,2020-11-27 16:56:08,51.02,45.7,33.01,98,100,1.01
449,Beira,MZ,2020-11-27 16:56:08,-19.84,34.84,84.2,79,40,13.87
450,Abohar,IN,2020-11-27 16:56:08,30.15,74.18,59.86,34,0,5.35
451,Bubaque,GW,2020-11-27 16:56:08,11.28,-15.83,84.0,44,0,7.16
452,Tarko-Sale,RU,2020-11-27 16:56:08,64.92,77.78,1.67,93,98,8.97
453,Livingstonia,MW,2020-11-27 16:56:08,-10.61,34.11,71.58,67,78,4.92
454,Oranjestad,AW,2020-11-27 16:56:09,12.52,-70.03,78.8,88,75,12.75
455,Sipe Sipe,BO,2020-11-27 16:56:09,-17.45,-66.38,82.4,20,40,9.17
456,Pathalgaon,IN,2020-11-27 16:56:09,22.57,83.47,64.78,74,100,4.43
457,Brae,GB,2020-11-27 16:56:09,60.4,-1.35,44.6,100,75,2.24
458,Mananjary,MG,2020-11-27 16:56:09,-21.22,48.33,76.53,86,0,9.04
459,Balkanabat,TM,2020-11-27 16:56:09,39.51,54.37,42.58,73,0,1.45
460,Havre-Saint-Pierre,CA,2020-11-27 16:56:09,50.23,-63.6,35.6,100,90,6.93
461,Bellavista,PE,2020-11-27 16:56:09,-7.06,-76.59,91.4,70,75,4.7
462,Lodwar,KE,2020-11-27 16:56:10,3.12,35.6,88.3,43,22,19.37
463,Dharchula,IN,2020-11-27 16:56:10,29.85,80.53,49.84,32,0,8.66
464,Kishtwar,IN,2020-11-27 16:56:10,33.32,75.77,40.23,57,0,6.22
465,Oriximina,BR,2020-11-27 16:56:10,-1.77,-55.87,88.99,57,51,7.43
466,Ramapuram,IN,2020-11-27 16:56:10,13.12,79.2,69.31,88,94,5.1
467,Menongue,AO,2020-11-27 16:56:10,-14.66,17.69,68.52,77,70,3.0
468,Urucui,BR,2020-11-27 16:56:10,-7.23,-44.56,89.29,52,100,6.85
469,Nalut,LY,2020-11-27 16:56:10,30.33,10.85,64.09,34,0,17.29
470,Tamandare,BR,2020-11-27 16:56:11,-8.76,-35.1,82.02,66,83,12.82
471,San Javier,ES,2020-11-27 16:56:11,37.81,-0.84,60.01,77,20,5.77
472,Santa Quiteria Do Maranhao,BR,2020-11-27 16:56:11,-3.52,-42.55,96.26,34,100,5.01
473,Mehran,IR,2020-11-27 16:56:11,33.12,46.16,48.2,76,40,2.24
474,Dingle,PH,2020-11-27 16:56:11,11.0,122.67,75.49,92,81,6.98
475,Luanda,AO,2020-11-27 16:55:17,-8.84,13.23,82.4,74,40,10.29
476,Port Jervis,US,2020-11-27 16:53:17,41.38,-74.69,55.99,72,5,4.9
477,Richards Bay,ZA,2020-11-27 16:56:11,-28.78,32.04,68.59,70,78,8.84
478,Yenagoa,NG,2020-11-27 16:56:11,4.92,6.26,79.61,87,64,3.96
479,Albany,US,2020-11-27 16:56:11,42.6,-73.97,51.01,69,68,6.29
480,Dehloran,IR,2020-11-27 16:56:11,32.69,47.27,65.07,67,80,9.84
481,Paharpur,PK,2020-11-27 16:56:12,32.1,70.97,60.06,34,2,1.79
482,Vuktyl,RU,2020-11-27 16:56:12,63.86,57.31,12.29,94,27,1.21
483,Beroroha,MG,2020-11-27 16:56:12,-21.67,45.17,84.27,50,91,4.03
484,Snezhnogorsk,RU,2020-11-27 16:56:12,69.19,33.25,28.4,92,75,2.24
485,Vicosa Do Ceara,BR,2020-11-27 16:54:25,-3.56,-41.09,90.52,30,96,7.94
486,Pavlodar,KZ,2020-11-27 16:56:12,52.3,76.95,-4.0,76,0,4.47
487,Saint-Pierre,RE,2020-11-27 16:56:12,-21.34,55.48,77.0,73,0,6.93
488,Bosaso,SO,2020-11-27 16:56:12,11.28,49.18,78.51,71,81,11.88
489,Nouakchott,MR,2020-11-27 16:56:12,18.09,-15.98,80.6,26,12,18.34
490,Agadir,MA,2020-11-27 16:56:12,30.42,-9.6,57.2,93,75,4.7
491,Amapa,BR,2020-11-27 16:56:13,1.0,-52.0,91.11,48,42,5.26
492,Bilma,NE,2020-11-27 16:56:13,18.69,12.92,71.24,23,0,5.44
493,Clarence Town,AU,2020-11-27 16:56:13,-32.58,151.78,71.01,88,50,3.36
494,Poiana Marului,RO,2020-11-27 16:56:13,45.6,25.3,33.01,81,42,0.96
495,Wadi Maliz,TN,2020-11-27 16:56:13,36.47,8.55,62.6,67,40,9.17
496,Zhezkazgan,KZ,2020-11-27 16:56:13,47.8,67.71,23.49,98,100,9.89
497,Chadiza,ZM,2020-11-27 16:56:13,-14.07,32.44,69.35,83,100,5.99
498,Santiago Del Estero,AR,2020-11-27 16:52:44,-27.8,-64.26,86.0,50,51,5.01
499,Digha,IN,2020-11-27 16:56:14,21.68,87.55,74.79,50,64,10.18
500,Lobito,AO,2020-11-27 16:56:14,-12.35,13.55,78.89,80,87,9.33
501,Sehithwa,BW,2020-11-27 16:56:14,-20.47,22.72,89.13,28,75,3.62
502,Gazli,UZ,2020-11-27 16:56:14,40.13,63.45,40.73,70,94,17.27
503,Mulchen,CL,2020-11-27 16:56:14,-37.72,-72.23,71.6,46,0,8.05
504,Catamarca,AR,2020-11-27 16:56:15,-28.47,-65.79,82.99,65,13,11.99
505,Rundu,NA,2020-11-27 16:56:15,-17.93,19.77,77.65,54,76,4.32
506,Marystown,CA,2020-11-27 16:56:15,47.17,-55.15,50.63,81,84,16.8
507,Nurobod,UZ,2020-11-27 16:56:15,40.91,69.8,48.2,61,40,4.7
508,Liverpool,GB,2020-11-27 16:53:00,53.41,-2.98,42.01,93,62,5.82
509,Tchibanga,GA,2020-11-27 16:56:15,-2.85,11.03,73.69,96,100,4.88
510,Vryburg,ZA,2020-11-27 16:56:15,-26.96,24.73,74.55,45,62,8.95
511,Floriano,BR,2020-11-27 16:56:15,-6.77,-43.02,90.54,48,73,7.18
512,Yavatmal,IN,2020-11-27 16:54:44,20.4,78.13,64.62,82,81,6.58
513,Nagorsk,RU,2020-11-27 16:56:16,59.32,50.81,12.49,96,31,4.61
514,Locri,IT,2020-11-27 16:53:05,38.24,16.26,62.01,58,28,3.89
515,Karaman,TR,2020-11-27 16:56:16,37.08,33.25,33.3,86,72,3.4
516,El Tarra,CO,2020-11-27 16:56:16,8.58,-73.09,82.17,73,56,2.98
517,Marzuq,YE,2020-11-27 16:56:16,14.4,46.47,65.84,70,38,6.02
518,Obo,CF,2020-11-27 16:56:16,5.4,26.49,79.74,39,0,2.95
519,Adrar,MR,2020-11-27 16:54:20,20.5,-10.07,72.68,29,70,9.31
520,Iskateley,RU,2020-11-27 16:56:16,67.68,53.15,12.22,96,3,9.01
521,Damaturu,NG,2020-11-27 16:56:16,11.75,11.96,83.35,21,2,8.28
522,Penzance,GB,2020-11-27 16:56:16,50.12,-5.54,48.2,93,75,18.34
523,Coruripe,BR,2020-11-27 16:56:17,-10.13,-36.18,83.37,61,67,13.47
524,Paratebueno,CO,2020-11-27 16:56:17,4.38,-73.22,86.86,58,98,5.08
525,Venice,US,2020-11-27 16:53:47,27.1,-82.45,81.0,57,1,5.82
526,Sembe,CG,2020-11-27 16:56:17,1.65,14.58,78.8,68,90,3.15
527,Bozoum,CF,2020-11-27 16:56:17,6.32,16.38,78.75,33,0,3.02
528,Cururupu,BR,2020-11-27 16:56:17,-1.83,-44.87,86.77,62,69,7.14
529,Alpena,US,2020-11-27 16:51:31,45.06,-83.43,41.0,75,90,8.05
530,Yar-Sale,RU,2020-11-27 16:56:17,66.83,70.83,4.84,94,36,9.17
531,Plettenberg Bay,ZA,2020-11-27 16:56:17,-34.05,23.37,64.8,72,50,21.16
532,Conde,BR,2020-11-27 16:56:17,-7.26,-34.91,89.6,55,75,17.22
533,Morros,BR,2020-11-27 16:56:17,-9.45,-46.3,84.88,53,100,6.15
534,Iquitos,PE,2020-11-27 16:53:30,-3.75,-73.25,80.6,78,75,5.82
535,Nola,IT,2020-11-27 16:56:18,40.92,14.53,55.4,76,37,1.12
536,Longonjo,AO,2020-11-27 16:56:18,-12.91,15.25,66.34,87,99,3.22
537,Mittersill,AT,2020-11-27 16:56:18,47.27,12.48,37.0,68,0,4.45
538,Cabedelo,BR,2020-11-27 16:56:18,-6.98,-34.83,89.6,55,75,17.22
539,Norrkoping,SE,2020-11-27 16:54:15,58.59,16.18,30.99,100,0,4.7
540,Riachao Das Neves,BR,2020-11-27 16:56:18,-11.75,-44.91,85.41,46,99,6.06
541,Chepareria,KE,2020-11-27 16:56:19,1.31,35.2,65.75,74,48,3.69
542,Kapoeta,SS,2020-11-27 16:56:19,4.77,33.59,86.09,43,96,4.59
543,Richmond,US,2020-11-27 16:52:12,37.55,-77.46,64.99,55,40,6.93
544,Laukaa,RU,2020-11-27 16:54:48,58.74,29.85,34.74,89,98,7.23
545,Lincoln,US,2020-11-27 16:56:01,40.8,-96.67,44.01,69,0,1.99
546,Gayeri,BF,2020-11-27 16:56:19,12.65,0.49,91.74,18,6,6.38
547,Lima,PE,2020-11-27 16:53:15,-12.04,-77.03,71.6,68,40,5.82
548,Carnarvon,AU,2020-11-27 16:56:19,-24.87,113.63,68.0,72,0,25.28
549,Port-Gentil,GA,2020-11-27 16:56:20,-0.72,8.78,78.8,94,75,10.29
550,Benguela,AO,2020-11-27 16:56:20,-12.58,13.41,79.5,77,89,8.88
551,Zaysan,KZ,2020-11-27 16:56:20,47.47,84.87,17.28,87,0,1.12
552,Bollnas,SE,2020-11-27 16:56:20,61.35,16.39,30.0,98,17,2.98
553,Salta,AR,2020-11-27 16:56:20,-24.79,-65.41,75.2,57,75,3.36
554,At-Bashi,KG,2020-11-27 16:56:20,41.17,75.81,26.19,77,100,3.27
555,Concordia,AR,2020-11-27 16:56:21,-31.39,-58.02,86.0,48,40,13.87
556,Synya,RU,2020-11-27 16:56:21,65.37,58.04,11.66,95,3,3.44
557,Kalevala,RU,2020-11-27 16:56:21,65.2,31.17,23.0,98,74,3.27
558,Bodden Town,KY,2020-11-27 16:56:21,19.28,-81.25,84.2,70,40,13.87
559,Tolbazy,RU,2020-11-27 16:56:21,54.02,55.88,21.2,92,90,2.24
